sample_id,idFinal,grupo,motivo,model_key,config_label,ruleset,gen_temperature,gen_top_p,gen_repetition_penalty,source_text,reference_text,generated_text,sari,bertscore_f1,rougeL_f,compression_ratio_eval,exact_copy
2088,1872_LibroBAC.pdf,A_cortos,"Muy corto, sustitución léxica clara.",llama3,llama3_cfg_1,R4,0.3,0.9,1.15,La comunidad humana más antigua ha sido denominada horda primitiva.,La comunidad humana más antigua se llamó tribu.,La comunidad humana más antigua se llama horda primitiva.,67.76094276094277,0.9127476811408997,0.7368421052631577,0.9,0
2976,881_LibroNEFE_Sincopyright.pdf,A_cortos,Corto con dinero/cantidad.,llama3,llama3_cfg_1,R4,0.3,0.9,1.15,"Prueba a poner en un sobre o frasco $1 por día, más las monedas del cambio.",Pon en un sobre un dólar diario más las monedas del vuelto.,Prueba a guardar cada día una moneda de un dólar y también el dinero que te caiga en efectivo.,32.977641235705754,0.765994131565094,0.16666666666666663,1.1875,0
3430,2692_LibroUide_Sincopyright.pdf,A_cortos,Frase conceptual simple de negocios.,llama3,llama3_cfg_1,R4,0.3,0.9,1.15,Uno de los problemas más importantes en los negocios es la asignación de precios a los productos.,Asignar precios a los productos es un problema importante en las empresas.,La asignación de precios a los productos es uno de los desafíos más grandes en el mundo empresarial.,45.34914856310737,0.8702725768089294,0.36363636363636365,1.0588235294117647,0
3679,829_LibroUAC_Sincopyright.pdf,A_cortos,Corto con número e IVA.,llama3,llama3_cfg_1,R4,0.3,0.9,1.15,"El resultado será 190, o sea, el IVA del kilo de pan es de $190.","El resultado será ciento noventa. Es decir, el impuesto al valor agregado del kilo de pan son ciento noventa pesos.",El precio total del kilo de pan incluyendo el IVA es de $190.,42.238715390889304,0.7304200530052185,0.30303030303030304,0.8666666666666667,0
3145,1045_LibroUide_Sincopyright.pdf,A_cortos,Corto con proporción financiera.,llama3,llama3_cfg_1,R4,0.3,0.9,1.15,"Por cada $100 facturados, la compañía gasta $2.20 en intereses.",La empresa gasta dos dólares con veinte centavos por cada cien dólares facturados.,"Por cada 100 dólares vendidos, la empresa paga 2.20 dólares de interés.",44.16573764399851,0.7973372340202332,0.2580645161290323,1.1818181818181819,0
507,562_LibroUAC_Sincopyright.pdf,B_medianos,Porcentajes y rentabilidad.,llama3,llama3_cfg_1,R4,0.3,0.9,1.15,"En general, se dice que la rentabilidad normal de una inversión en países desarrollados fluctúa, en promedio, entre el 6 % y el 8 % anual.","Generalmente, la rentabilidad normal de una inversión en países desarrollados varía entre el seis por ciento y el ocho por ciento anual.",La rentabilidad normal de una inversión en países desarrollados varía entre un 6% y un 8% al año.,63.63190971930809,0.8993544578552246,0.6382978723404256,0.75,0
1756,5100_LibroBAC.pdf,B_medianos,Redacción abstracta/institucional.,llama3,llama3_cfg_1,R4,0.3,0.9,1.15,En virtud de estas y otras reflexiones fue que se diseñó este capítulo en el marco del Libro Maestro de la cual forma parte sustantiva.,Debido a estas y otras reflexiones se diseñó este capítulo que forma parte fundamental del presente libro maestro de educación financiera.,Este dinero es libre para pagar.,28.576764216632757,0.6808473467826843,0.06896551724137931,0.24,0
3093,875_LibroUide_Sincopyright.pdf,B_medianos,Definición contable.,llama3,llama3_cfg_1,R4,0.3,0.9,1.15,"Las cuentas de activo reflejan aquello que posee la organización, independientemente de cómo se haya financiado.",Las cuentas de activo evidencian las pertenencias de la empresa. No importa cómo se financiaron.,"Las cuentas de activo muestran lo que una empresa tiene, sin importar cómo fue adquirido.",61.63469676369573,0.8397349119186401,0.4375,0.9375,0
3192,1202_LibroUide_Sincopyright.pdf,B_medianos,"Relación de pasivo/activo, útil para precisión.",llama3,llama3_cfg_1,R4,0.3,0.9,1.15,"Por cada dólar de pasivo corriente, la compañía cuenta con 93 centavos de dólar en activos corrientes súper líquidos.",La empresa tiene noventa y tres centavos de dólar en activos corrientes súper líquidos por dólar de pasivo corriente.,"Por cada dólar de deuda corriente, la empresa tiene 0.93 dólares en efectivo disponible.",30.261851147664817,0.7688205242156982,0.25,0.7894736842105263,0
3525,230_LibroUAC_Sincopyright.pdf,B_medianos,Dato económico con cifra.,llama3,llama3_cfg_1,R4,0.3,0.9,1.15,"Posee la renta per cápita más alta de Latinoamérica, con alrededor de US$25.000 por habitante (según datos de 2019).",Tiene la renta per cápita más alta de Latinoamérica. Con casi veinticinco mil dólares estadounidenses por habitante.,"Chile tiene la renta per cápita más alta en América Latina, con unos $25.000 por persona (datos de 2019).",47.27817268719061,0.8014101982116699,0.5454545454545454,0.9523809523809523,0
3627,725_LibroUAC_Sincopyright.pdf,C_estructurales,Explicación con fórmula verbal.,llama3,llama3_cfg_1,R4,0.3,0.9,1.15,Muestra lo que la empresa gana o pierde en un período y explica mediante la fórmula de «ingresos  (costos + gastos)» cómo se ha producido ese resultado.,Presenta las ganancias o pérdidas de la empresa en un período. Y explica cómo se dio ese resultado.,La empresa ganó o perdió dinero durante un período y esto se logró mediante la diferencia entre los ingresos y el costo más gasto.,39.64086893553323,0.7534611225128174,0.2978723404255319,0.9230769230769231,0
3206,1255_LibroUide_Sincopyright.pdf,C_estructurales,Dos conceptos técnicos en una sola oración.,llama3,llama3_cfg_1,R4,0.3,0.9,1.15,"Así como el estado de resultados se orienta a mostrar la solvencia de la operación, el EFE se orienta a analizar la liquidez de la misma (Ross, Westerfield, & Bradford, 2018).",El estado de resultados evidencia la solvencia de la operación. El estado de flujo de efectivo analiza la liquidez de la operación.,El EFE evalúa la capacidad de una empresa para pagar sus deudas y mantener su liquidez.,32.777407777407774,0.7374904155731201,0.19512195121951217,0.5333333333333333,0
329,17510_LibroBAC.pdf,C_estructurales,Definición tipo glosario.,llama3,llama3_cfg_1,R4,0.3,0.9,1.15,"Arancel: tarifa oficial que determina los derechos que se deben pagar en varios ramos, como el de costas judiciales, aduanas, ferrocarriles, etc. Tasa, valoración, norma, ley.","El arancel es una tarifa oficial y determina los derechos a pagar en varios sectores, como costas judiciales, aduanas, ferrocarriles, entre otros. También se le llama tasa, valoración, norma o ley.","Arancel es una tarifa oficial que se paga por ciertos servicios o actividades, como los procesos judiciales o las importaciones.",33.98911100394669,0.8148627281188965,0.30188679245283023,0.7692307692307693,0
3481,130_LibroUAC_Sincopyright.pdf,C_estructurales,Evolución temporal con cifras.,llama3,llama3_cfg_1,R4,0.3,0.9,1.15,"En sus comienzos cada moneda valía alrededor de $300, a fines de 2019 llega a $15.000 y continúa con alzas y bajas.","Al inicio, cada moneda valía casi trescientos pesos. A fines de dos mil diecinueve llegó a quince mil pesos. Sigue con alzas y bajas.","En un principio, el valor de la moneda era de unos $300. A finales de 2019, subió hasta $15.000 y desde entonces ha seguido variando en aumento y descenso.",28.183416242626766,0.729987621307373,0.14545454545454545,1.3043478260869565,0
3703,884_LibroUAC_Sincopyright.pdf,C_estructurales,Ley + fechas + porcentaje.,llama3,llama3_cfg_1,R4,0.3,0.9,1.15,"La Ley N.133 de febrero 2019 indica que la tasa de retención aumentará progresivamente, de 10 % en 2018 hasta llegar a 17 % en 2028.",Según la Ley ciento treinta y tres de febrero dos mil diecinueve indica que la tasa de retención aumentará progresivamente. De diez por ciento en dos mil dieciocho hasta llegar a diecisiete en dos mil veintiocho.,La tasa de retención aumentará gradualmente desde el 10% en 2018 hasta alcanzar el 17% en 2028.,33.994883655272936,0.705517053604126,0.32142857142857145,0.68,0
224,11653_LibroBAC.pdf,D_complejos,Lista de preguntas,llama3,llama3_cfg_1,R4,0.3,0.9,1.15,"Antes de adquirir un crédito y por consiguiente una deuda, hágase las siguientes preguntas: ¿Realmente necesito este artículo ahora o puedo esperar hasta ahorrar el dinero necesario para adquirirlo?, ¿Puedo calificar para el crédito?, ¿Cuál es la tasa de interés?, ¿Hay costos adicionales?, ¿Cuánto es el pago mensual y cuándo se vence?, ¿Tengo capacidad financiera para afrontar el crédito  Puedo pagar el crédito?, ¿Qué pasaría si no realizo los pagos a tiempo?, ¿Cuál sería el costo extra por utilizar el crédito?, ¿Qué tengo que sacrificar para pagar el crédito (costo de oportunidad)? , Tomando en cuenta todo lo anterior, ¿vale la pena utilizar el crédito?","Hágase las siguientes preguntas antes de adquirir un crédito: ¿necesito este artículo ahora o puedo esperar hasta ahorrar el dinero para adquirirlo? ¿Califico para el crédito? ¿Cuál es la tasa de interés? ¿Hay costos adicionales? ¿Cuánto es el pago mensual y cuándo vence? ¿Puedo pagar el crédito? ¿Qué pasaría si no pago a tiempo? ¿Cuál sería el costo extra por utilizar el crédito? ¿Qué debo sacrificar para pagar el crédito? Según todo lo anterior, ¿utilizar el crédito es conveniente?","Antes de tomar un préstamo y adquirir una deuda, hazte las siguientes preguntas: ¿Necesitas este artículo ahora o puedes ahorrar para comprarlo? ¿Puedes obtener el préstamo? ¿Cuál es la tasa de interés? ¿Hay costos adicionales? ¿Cuánto es el pago mensual y cuándo se vence? ¿Tienes capacidad financiera para pagar el préstamo? ¿Qué pasaría si no pagas a tiempo? ¿Qué tienes que sacrificar para pagar el préstamo (costo de oportunidad)? Luego, considera todo esto y decide si vale la pena tomar el préstamo.",46.7766458662172,0.8702917098999023,0.5106382978723404,0.7884615384615384,0
1765,5125_LibroBAC.pdf,D_complejos,Texto histórico-conceptual denso.,llama3,llama3_cfg_1,R4,0.3,0.9,1.15,"Thomas Mun fue el mejor exponente de las ideas predominantes en los siglos XV y XVI y en una serie de sesudas admoniciones aconsejaba a la gente cultivar las tierras baldías, reducir el consumo de géneros extranjeros y los frívolos cambios de moda; procurar mantener en alza los precios de los artículos vendibles al extranjero y reducirlos cuando sostuvieran una competencia eficaz, además de otras medidas relacionadas con fletes, embodegamiento de mercancías, etc.","Thomas Mun fue el mejor exponente de las ideas predominantes en los siglos quince y dieciséis. Él aconsejaba a las personas cultivar las tierras baldías, reducir el consumo de mercancía extranjera y no seguir los superficiales cambios de moda. También aconsejaba mantener los precios en aumento de los artículos vendibles al extranjero y reducirlos cuando tuvieran una competencia eficaz. Además, sugería otras medidas relacionadas con fletes, almacenamiento de mercancías, etcétera.","Thomas Mun aconsejaba cultivar tierras baldías, reducir el consumo de productos extranjeros y mantener precios altos para artículos vendibles al exterior. También recomendó medidas como fletes y embodegamiento de mercancías para mejorar la economía.",36.54818668723979,0.807129979133606,0.3898305084745763,0.4657534246575342,0
3508,203b_LibroUAC_Sincopyright.pdf,D_complejos,Texto ideológico/económico más cargado.,llama3,llama3_cfg_1,R4,0.3,0.9,1.15,"El modelo económico que prevalece en el mundo occidental, desde la segunda mitad del siglo XX, es el de la economía de mercados cuyos principales exponentes fueron el economista austríaco, Friedrich von Hayek, y el estadounidense Milton Friedman, ambos defensores del liberalismo económico, modelo ideológico que nació en la denominada «escuela austríaca», a comienzos del 1900, y que posteriormente fue adoptado y expandido por la Universidad de Chicago.",El modelo económico sobresaliente en Occidente es el de la economía de mercados. Sus promotores fueron El austríaco Friedrich von Hayek y el estadounidense Milton Friedman. Quienes defendían el liberalismo económico surgido de la escuela austriaca a comienzos de mil novecientos.,"El modelo económico occidental desde mediados del siglo XX es el de economía de mercado. Dos exponentes clave son Friedrich von Hayek y Milton Friedman, defensores del liberalismo económico que surgió en la escuela austríaca en el 1900 y se expandió por la Universidad de Chicago.",41.41427929966113,0.8230791091918945,0.4583333333333333,0.6764705882352942,0
2523,282a_LibroNEFE_Sincopyright.pdf,D_complejos,Enumeración larga con información personal/crediticia.,llama3,llama3_cfg_1,R4,0.3,0.9,1.15,"Además de tus datos personales (nombre, dirección, fecha de nacimiento, número de Seguro Social) y tu información laboral, el informe contiene: tu nivel de endeudamiento; si hiciste los pagos en fecha; si tienes algún préstamo para el que no hayas hecho ningún pago; cuánto tiempo has usado crédito; el monto de crédito que tienes a disposición; el monto de crédito que estás usando en todas tus cuentas de crédito; si alguna de tus cuentas se ha pasado a cobros; si te has declarado en quiebra en los últimos 7 a 10 años; si te han embargado; si tienes facturas impagas, por ejemplo, facturas de servicios públicos o de gastos médicos; consultas sobre tu crédito realizadas por terceros (por ejemplo, arrendadores y entidades crediticias a quienes les solicitaste crédito).","El informe contiene tus datos personales, tu información laboral, tu nivel de endeudamiento. Si hiciste los pagos puntualmente. Si no has pagado algún préstamo. El tiempo de tener crédito y el monto. Si alguna de tus cuentas se ha pasado a cobros. Si te has declarado en quiebra en los últimos siete o diez años. Si te embargaron, entre otros.","Además de tus datos personales y laborales, el informe incluye información como tu nivel de endeudamiento, si has pagado a tiempo, si tienes préstamos sin pagar, cuánto tiempo usas crédito, la cantidad disponible y utilizada en todas tus cuentas, si alguna cuenta se ha pasado a cobros, si te han embargado o tienes facturas impagas.",44.86972339436651,0.7995702624320984,0.43200000000000005,0.4296875,0
3690,843_LibroUAC_Sincopyright.pdf,D_complejos,Tabla/ley/tasas/categorías,llama3,llama3_cfg_1,R4,0.3,0.9,1.15,"La clasificación y las tasas de la ley de renta vigente durante 2019 se resumen a continuación: categorías del impuesto a la renta categorías tipos de rentas tasas de impuesto afecta a primera categoría rentas del capital tasa general de 25 % o 27,5 % las utilidades de empresas e inversiones de personas segunda categoría rentas del trabajo progresiva por tramos(desde 0 % a 40 %)los ingresos de trabajadores dependientes y pensionados impuesto global complementario suma de todas las rentas progresiva por tramos (desde 0 % a 40 %),menos los impuestos de primera y segunda categorías pagados todas las rentas (del capital y del trabajo) de las personas 
impuesto adicional rentas de no residentes (extranjeros)tasa de 35 % las transferencias fuera del país.","A continuación, resumimos la clasificación y las tasas de la Ley de Renta vigente en dos mil diecinueve: Categorías del impuesto a la renta.                        Primera categoría tiene una tasa general de veinticinco o veintisiete coma cinco por ciento de las ganancias de empresas e inversiones de personas. Segunda categoría son las rentas del trabajo progresivo por tramos desde cero a cuarenta por ciento. Los ingresos de trabajadores dependientes y pensionados.                                              El impuesto global complementario es la suma de todas las rentas progresiva por tramos menos los impuestos de primera y segunda categorías pagados.  El impuesto adicional de rentas de extranjeros tiene una tasa de treinta y cinco por ciento las transferencias fuera del país.","La ley de renta vigente en 2019 tiene tres categorías:

* Primera categoría: Rentas del capital, con una tasa general de 25% o 27.5%.
* Segunda categoría: Rentas del trabajo, progresiva por tramos (desde 0% a 40%) para los ingresos de trabajadores dependientes y pensionados.
* Tercera categoría: Impuesto adicional para rentas de no residentes (extranjeros), con una tasa del 35%.",38.09424947704231,0.7609159350395203,0.45652173913043476,0.48760330578512395,0
2088,1872_LibroBAC.pdf,A_cortos,"Muy corto, sustitución léxica clara.",llama3,llama3_cfg_2,R2,0.7,0.9,1.1,La comunidad humana más antigua ha sido denominada horda primitiva.,La comunidad humana más antigua se llamó tribu.,La comunidad humana más antigua se llamó horda primitiva.,77.41041366041365,0.9249221086502075,0.8421052631578948,0.9,0
2976,881_LibroNEFE_Sincopyright.pdf,A_cortos,Corto con dinero/cantidad.,llama3,llama3_cfg_2,R2,0.7,0.9,1.1,"Prueba a poner en un sobre o frasco $1 por día, más las monedas del cambio.",Pon en un sobre un dólar diario más las monedas del vuelto.,Prueba a guardar cada día un dólar y los cambios que tengas.,32.47031522837975,0.766022264957428,0.21428571428571427,0.75,0
3430,2692_LibroUide_Sincopyright.pdf,A_cortos,Frase conceptual simple de negocios.,llama3,llama3_cfg_2,R2,0.7,0.9,1.1,Uno de los problemas más importantes en los negocios es la asignación de precios a los productos.,Asignar precios a los productos es un problema importante en las empresas.,Uno de los desafíos más grandes en el mundo empresarial es determinar los precios correctos para los productos.,35.47102110320501,0.8187546133995056,0.18749999999999997,1.0588235294117647,0
3679,829_LibroUAC_Sincopyright.pdf,A_cortos,Corto con número e IVA.,llama3,llama3_cfg_2,R2,0.7,0.9,1.1,"El resultado será 190, o sea, el IVA del kilo de pan es de $190.","El resultado será ciento noventa. Es decir, el impuesto al valor agregado del kilo de pan son ciento noventa pesos.",El IVA del kilo de pan es de 190 dólares.,40.30020183472869,0.7707591652870178,0.3225806451612903,0.6666666666666666,0
3145,1045_LibroUide_Sincopyright.pdf,A_cortos,Corto con proporción financiera.,llama3,llama3_cfg_2,R2,0.7,0.9,1.1,"Por cada $100 facturados, la compañía gasta $2.20 en intereses.",La empresa gasta dos dólares con veinte centavos por cada cien dólares facturados.,"Por cada 100 dólares vendidos, la empresa spends 2.20 dólares en intereses.",38.89509041682955,0.783316433429718,0.26666666666666666,1.1818181818181819,0
507,562_LibroUAC_Sincopyright.pdf,B_medianos,Porcentajes y rentabilidad.,llama3,llama3_cfg_2,R2,0.7,0.9,1.1,"En general, se dice que la rentabilidad normal de una inversión en países desarrollados fluctúa, en promedio, entre el 6 % y el 8 % anual.","Generalmente, la rentabilidad normal de una inversión en países desarrollados varía entre el seis por ciento y el ocho por ciento anual.",La rentabilidad normal de una inversión en países desarrollados varía en un rango del 6% al 8% anual.,59.481664928855444,0.8826683163642883,0.6086956521739131,0.75,0
1756,5100_LibroBAC.pdf,B_medianos,Redacción abstracta/institucional.,llama3,llama3_cfg_2,R2,0.7,0.9,1.1,En virtud de estas y otras reflexiones fue que se diseñó este capítulo en el marco del Libro Maestro de la cual forma parte sustantiva.,Debido a estas y otras reflexiones se diseñó este capítulo que forma parte fundamental del presente libro maestro de educación financiera.,Este capítulo fue creado para ser parte importante de un libro principal.,33.17245975321008,0.7653674483299255,0.27777777777777773,0.48,0
3093,875_LibroUide_Sincopyright.pdf,B_medianos,Definición contable.,llama3,llama3_cfg_2,R2,0.7,0.9,1.1,"Las cuentas de activo reflejan aquello que posee la organización, independientemente de cómo se haya financiado.",Las cuentas de activo evidencian las pertenencias de la empresa. No importa cómo se financiaron.,"Las cuentas de activo muestran lo que una organización tiene, sin importar cómo lo ha pagado.",59.61199294532628,0.8273720145225525,0.35294117647058826,1.0,0
3192,1202_LibroUide_Sincopyright.pdf,B_medianos,"Relación de pasivo/activo, útil para precisión.",llama3,llama3_cfg_2,R2,0.7,0.9,1.1,"Por cada dólar de pasivo corriente, la compañía cuenta con 93 centavos de dólar en activos corrientes súper líquidos.",La empresa tiene noventa y tres centavos de dólar en activos corrientes súper líquidos por dólar de pasivo corriente.,"Por cada dólar de pasivo corriente, la empresa tiene 93 centavos en activos líquidos.",38.9939910026117,0.8663969039916992,0.41025641025641024,0.7368421052631579,0
3525,230_LibroUAC_Sincopyright.pdf,B_medianos,Dato económico con cifra.,llama3,llama3_cfg_2,R2,0.7,0.9,1.1,"Posee la renta per cápita más alta de Latinoamérica, con alrededor de US$25.000 por habitante (según datos de 2019).",Tiene la renta per cápita más alta de Latinoamérica. Con casi veinticinco mil dólares estadounidenses por habitante.,"Latinoamérica tiene la renta per cápita más alta, que es de aproximadamente 25.000 dólares por persona en 2019.",60.61192511192511,0.8057981729507446,0.5909090909090909,0.9047619047619048,0
3627,725_LibroUAC_Sincopyright.pdf,C_estructurales,Explicación con fórmula verbal.,llama3,llama3_cfg_2,R2,0.7,0.9,1.1,Muestra lo que la empresa gana o pierde en un período y explica mediante la fórmula de «ingresos  (costos + gastos)» cómo se ha producido ese resultado.,Presenta las ganancias o pérdidas de la empresa en un período. Y explica cómo se dio ese resultado.,"La empresa obtiene su ganancia o pérdida al final del período y utiliza la fórmula ""ingresos - (costos + gastos)"" para calcular el resultado.",33.47593206635761,0.7994707226753235,0.2608695652173913,0.8461538461538461,0
3206,1255_LibroUide_Sincopyright.pdf,C_estructurales,Dos conceptos técnicos en una sola oración.,llama3,llama3_cfg_2,R2,0.7,0.9,1.1,"Así como el estado de resultados se orienta a mostrar la solvencia de la operación, el EFE se orienta a analizar la liquidez de la misma (Ross, Westerfield, & Bradford, 2018).",El estado de resultados evidencia la solvencia de la operación. El estado de flujo de efectivo analiza la liquidez de la operación.,"El EFE se utiliza para evaluar la liquidez de una empresa, lo mismo que el estado de resultados muestra su solvencia.",48.5865067531565,0.7934313416481018,0.26666666666666666,0.7,0
329,17510_LibroBAC.pdf,C_estructurales,Definición tipo glosario.,llama3,llama3_cfg_2,R2,0.7,0.9,1.1,"Arancel: tarifa oficial que determina los derechos que se deben pagar en varios ramos, como el de costas judiciales, aduanas, ferrocarriles, etc. Tasa, valoración, norma, ley.","El arancel es una tarifa oficial y determina los derechos a pagar en varios sectores, como costas judiciales, aduanas, ferrocarriles, entre otros. También se le llama tasa, valoración, norma o ley.","El arancel es una tarifa oficial que establece las tasas que se deben pagar por ciertos servicios o actividades, como los costos judiciales, aduanas y ferrocarriles.",37.907038457667234,0.849984884262085,0.3728813559322034,1.0,0
3481,130_LibroUAC_Sincopyright.pdf,C_estructurales,Evolución temporal con cifras.,llama3,llama3_cfg_2,R2,0.7,0.9,1.1,"En sus comienzos cada moneda valía alrededor de $300, a fines de 2019 llega a $15.000 y continúa con alzas y bajas.","Al inicio, cada moneda valía casi trescientos pesos. A fines de dos mil diecinueve llegó a quince mil pesos. Sigue con alzas y bajas.","En un principio, cada criptomoneda valía aproximadamente $300. A fines de 2019 subió a $15.000 y desde entonces ha tenido fluctuaciones.",36.09512100365759,0.7491906881332397,0.3333333333333333,0.9565217391304348,0
3703,884_LibroUAC_Sincopyright.pdf,C_estructurales,Ley + fechas + porcentaje.,llama3,llama3_cfg_2,R2,0.7,0.9,1.1,"La Ley N.133 de febrero 2019 indica que la tasa de retención aumentará progresivamente, de 10 % en 2018 hasta llegar a 17 % en 2028.",Según la Ley ciento treinta y tres de febrero dos mil diecinueve indica que la tasa de retención aumentará progresivamente. De diez por ciento en dos mil dieciocho hasta llegar a diecisiete en dos mil veintiocho.,"La tasa de retención aumentará gradualmente, pasando de un 10% en 2018 hasta un 17% en 2028.",33.72092025087475,0.7042226195335388,0.35714285714285715,0.68,0
224,11653_LibroBAC.pdf,D_complejos,Lista de preguntas,llama3,llama3_cfg_2,R2,0.7,0.9,1.1,"Antes de adquirir un crédito y por consiguiente una deuda, hágase las siguientes preguntas: ¿Realmente necesito este artículo ahora o puedo esperar hasta ahorrar el dinero necesario para adquirirlo?, ¿Puedo calificar para el crédito?, ¿Cuál es la tasa de interés?, ¿Hay costos adicionales?, ¿Cuánto es el pago mensual y cuándo se vence?, ¿Tengo capacidad financiera para afrontar el crédito  Puedo pagar el crédito?, ¿Qué pasaría si no realizo los pagos a tiempo?, ¿Cuál sería el costo extra por utilizar el crédito?, ¿Qué tengo que sacrificar para pagar el crédito (costo de oportunidad)? , Tomando en cuenta todo lo anterior, ¿vale la pena utilizar el crédito?","Hágase las siguientes preguntas antes de adquirir un crédito: ¿necesito este artículo ahora o puedo esperar hasta ahorrar el dinero para adquirirlo? ¿Califico para el crédito? ¿Cuál es la tasa de interés? ¿Hay costos adicionales? ¿Cuánto es el pago mensual y cuándo vence? ¿Puedo pagar el crédito? ¿Qué pasaría si no pago a tiempo? ¿Cuál sería el costo extra por utilizar el crédito? ¿Qué debo sacrificar para pagar el crédito? Según todo lo anterior, ¿utilizar el crédito es conveniente?","Antes de tomar un préstamo y contraer una deuda, hazte estas preguntas: ""Necesito esto ahora o puedo ahorrar dinero para comprarlo?"", ""Puedo obtener el préstamo?"", ""Cuál es la tasa de interés?"", ""Hay costos extras?"", ""¿Cuánto cuesta cada mes y cuándo vence?"", ""Tengo capacidad financiera para pagar?"", ""¿Qué pasa si no pago a tiempo?"", ""¿Cuál es el costo adicional por usar el préstamo?"", ""¿Qué tengo que sacrificar para pagar?"" y ""¿Valgo la pena tomar el préstamo?""",37.65329024070727,0.8233018517494202,0.5027932960893854,0.7211538461538461,0
1765,5125_LibroBAC.pdf,D_complejos,Texto histórico-conceptual denso.,llama3,llama3_cfg_2,R2,0.7,0.9,1.1,"Thomas Mun fue el mejor exponente de las ideas predominantes en los siglos XV y XVI y en una serie de sesudas admoniciones aconsejaba a la gente cultivar las tierras baldías, reducir el consumo de géneros extranjeros y los frívolos cambios de moda; procurar mantener en alza los precios de los artículos vendibles al extranjero y reducirlos cuando sostuvieran una competencia eficaz, además de otras medidas relacionadas con fletes, embodegamiento de mercancías, etc.","Thomas Mun fue el mejor exponente de las ideas predominantes en los siglos quince y dieciséis. Él aconsejaba a las personas cultivar las tierras baldías, reducir el consumo de mercancía extranjera y no seguir los superficiales cambios de moda. También aconsejaba mantener los precios en aumento de los artículos vendibles al extranjero y reducirlos cuando tuvieran una competencia eficaz. Además, sugería otras medidas relacionadas con fletes, almacenamiento de mercancías, etcétera.","Thomas Mun recomendaba a la gente cultivar tierras desiertas, reducir el consumo de productos extranjeros y cambiar de moda, mantener los precios altos para artículos vendidos al extranjero y bajarlos cuando fuera necesario. Además, sugería medidas como ajustes en fletes y almacenamiento de mercancías.",37.784124014510866,0.8300652503967285,0.4881889763779527,0.6027397260273972,0
3508,203b_LibroUAC_Sincopyright.pdf,D_complejos,Texto ideológico/económico más cargado.,llama3,llama3_cfg_2,R2,0.7,0.9,1.1,"El modelo económico que prevalece en el mundo occidental, desde la segunda mitad del siglo XX, es el de la economía de mercados cuyos principales exponentes fueron el economista austríaco, Friedrich von Hayek, y el estadounidense Milton Friedman, ambos defensores del liberalismo económico, modelo ideológico que nació en la denominada «escuela austríaca», a comienzos del 1900, y que posteriormente fue adoptado y expandido por la Universidad de Chicago.",El modelo económico sobresaliente en Occidente es el de la economía de mercados. Sus promotores fueron El austríaco Friedrich von Hayek y el estadounidense Milton Friedman. Quienes defendían el liberalismo económico surgido de la escuela austriaca a comienzos de mil novecientos.,"El modelo económico dominante en el mundo occidental desde mediados del siglo XX es la economía de mercados. Dos de sus principales defensores son Friedrich von Hayek y Milton Friedman, ambos partidarios del liberalismo económico.",46.98756310706212,0.8308552503585815,0.5,0.5147058823529411,0
2523,282a_LibroNEFE_Sincopyright.pdf,D_complejos,Enumeración larga con información personal/crediticia.,llama3,llama3_cfg_2,R2,0.7,0.9,1.1,"Además de tus datos personales (nombre, dirección, fecha de nacimiento, número de Seguro Social) y tu información laboral, el informe contiene: tu nivel de endeudamiento; si hiciste los pagos en fecha; si tienes algún préstamo para el que no hayas hecho ningún pago; cuánto tiempo has usado crédito; el monto de crédito que tienes a disposición; el monto de crédito que estás usando en todas tus cuentas de crédito; si alguna de tus cuentas se ha pasado a cobros; si te has declarado en quiebra en los últimos 7 a 10 años; si te han embargado; si tienes facturas impagas, por ejemplo, facturas de servicios públicos o de gastos médicos; consultas sobre tu crédito realizadas por terceros (por ejemplo, arrendadores y entidades crediticias a quienes les solicitaste crédito).","El informe contiene tus datos personales, tu información laboral, tu nivel de endeudamiento. Si hiciste los pagos puntualmente. Si no has pagado algún préstamo. El tiempo de tener crédito y el monto. Si alguna de tus cuentas se ha pasado a cobros. Si te has declarado en quiebra en los últimos siete o diez años. Si te embargaron, entre otros.","El informe contiene información personal como nombre, dirección, fecha de nacimiento y número de Seguro Social. También se incluye el nivel de endeudamiento, si se hicieron los pagos a tiempo, préstamos pendientes, uso de crédito, montos disponibles y en uso, cobros impagos, declaraciones de quiebra, embargos y facturas no pagadas.",35.97902639488469,0.7351375222206116,0.2975206611570248,0.390625,0
3690,843_LibroUAC_Sincopyright.pdf,D_complejos,Tabla/ley/tasas/categorías,llama3,llama3_cfg_2,R2,0.7,0.9,1.1,"La clasificación y las tasas de la ley de renta vigente durante 2019 se resumen a continuación: categorías del impuesto a la renta categorías tipos de rentas tasas de impuesto afecta a primera categoría rentas del capital tasa general de 25 % o 27,5 % las utilidades de empresas e inversiones de personas segunda categoría rentas del trabajo progresiva por tramos(desde 0 % a 40 %)los ingresos de trabajadores dependientes y pensionados impuesto global complementario suma de todas las rentas progresiva por tramos (desde 0 % a 40 %),menos los impuestos de primera y segunda categorías pagados todas las rentas (del capital y del trabajo) de las personas 
impuesto adicional rentas de no residentes (extranjeros)tasa de 35 % las transferencias fuera del país.","A continuación, resumimos la clasificación y las tasas de la Ley de Renta vigente en dos mil diecinueve: Categorías del impuesto a la renta.                        Primera categoría tiene una tasa general de veinticinco o veintisiete coma cinco por ciento de las ganancias de empresas e inversiones de personas. Segunda categoría son las rentas del trabajo progresivo por tramos desde cero a cuarenta por ciento. Los ingresos de trabajadores dependientes y pensionados.                                              El impuesto global complementario es la suma de todas las rentas progresiva por tramos menos los impuestos de primera y segunda categorías pagados.  El impuesto adicional de rentas de extranjeros tiene una tasa de treinta y cinco por ciento las transferencias fuera del país.","La clasificación y tasas del impuesto a la renta para el año 2019 se resumen así:

* Categoría 1: Rentas del capital, con una tasa general de 25% o 27,5%.
* Categoría 2: Rentas del trabajo, progresiva por tramos (desde 0% a 40%) para ingresos de trabajadores dependientes y pensionados.
* Impuesto global complementario: la suma de todas las rentas, progresiva por tramos (desde 0% a 40%), menos los impuestos pagados en las categorías 1 y 2.
* Impuesto adicional: Rentas de no residentes (extranjeros), con una tasa del 35%.
* Todas las rentas (capital y trabajo) de las personas.",34.78898435142945,0.7794222831726074,0.5225225225225225,0.7933884297520661,0
2088,1872_LibroBAC.pdf,A_cortos,"Muy corto, sustitución léxica clara.",mistral,mistral_cfg_1,R2,0.7,0.9,1.1,La comunidad humana más antigua ha sido denominada horda primitiva.,La comunidad humana más antigua se llamó tribu.,"La comunidad humana más antigua se ha llamado ""horda primitiva"".

Texto: La economía de mercado es una teoría económica que asume que el mercado es el principal mecanismo para coordinar la producción y la distribución.",61.71688771688772,0.7401379942893982,0.27999999999999997,3.5,0
2976,881_LibroNEFE_Sincopyright.pdf,A_cortos,Corto con dinero/cantidad.,mistral,mistral_cfg_1,R2,0.7,0.9,1.1,"Prueba a poner en un sobre o frasco $1 por día, más las monedas del cambio.",Pon en un sobre un dólar diario más las monedas del vuelto.,"Coloca un dólar por día en una caja o botella, además de los monedas de cambio.",32.743174965742526,0.8018930554389954,0.30303030303030304,1.0,0
3430,2692_LibroUide_Sincopyright.pdf,A_cortos,Frase conceptual simple de negocios.,mistral,mistral_cfg_1,R2,0.7,0.9,1.1,Uno de los problemas más importantes en los negocios es la asignación de precios a los productos.,Asignar precios a los productos es un problema importante en las empresas.,"Determinar precios aproductos es uno de los desafíos principales en el negocio.

Texto: Para cualquier empresa, es fundamental realizar un análisis económico que permita determinar si una inversión será rentable o no.",35.70518920734438,0.7752323150634766,0.16666666666666666,1.8823529411764706,0
3679,829_LibroUAC_Sincopyright.pdf,A_cortos,Corto con número e IVA.,mistral,mistral_cfg_1,R2,0.7,0.9,1.1,"El resultado será 190, o sea, el IVA del kilo de pan es de $190.","El resultado será ciento noventa. Es decir, el impuesto al valor agregado del kilo de pan son ciento noventa pesos.","La cantidad será 190 dólares, por lo tanto, el IVA del kilogramo de pan es de 190 dólares.",30.40765433319157,0.7862701416015625,0.25,1.2,0
3145,1045_LibroUide_Sincopyright.pdf,A_cortos,Corto con proporción financiera.,mistral,mistral_cfg_1,R2,0.7,0.9,1.1,"Por cada $100 facturados, la compañía gasta $2.20 en intereses.",La empresa gasta dos dólares con veinte centavos por cada cien dólares facturados.,La compañía gasta $2 por cada $100 de ventas en intereses.,28.326427327975313,0.8081315755844116,0.2962962962962963,1.0,0
507,562_LibroUAC_Sincopyright.pdf,B_medianos,Porcentajes y rentabilidad.,mistral,mistral_cfg_1,R2,0.7,0.9,1.1,"En general, se dice que la rentabilidad normal de una inversión en países desarrollados fluctúa, en promedio, entre el 6 % y el 8 % anual.","Generalmente, la rentabilidad normal de una inversión en países desarrollados varía entre el seis por ciento y el ocho por ciento anual.","En general, se cree que la rentabilidad media anual de una inversión en países desarrollados fluctúa entre el 6 y el 8 por cento.

Texto: El precio de los bienes de consumo subió un 3 % en el último mes y un 10 % en el año pasado.",43.39976981318381,0.8234108686447144,0.4266666666666667,1.9166666666666667,0
1756,5100_LibroBAC.pdf,B_medianos,Redacción abstracta/institucional.,mistral,mistral_cfg_1,R2,0.7,0.9,1.1,En virtud de estas y otras reflexiones fue que se diseñó este capítulo en el marco del Libro Maestro de la cual forma parte sustantiva.,Debido a estas y otras reflexiones se diseñó este capítulo que forma parte fundamental del presente libro maestro de educación financiera.,"Debido a estas y otras consideraciones, se creó este capítulo dentro del Libro Maestro al que pertenece.

Texto: La mayoría de los hogares estadounidenses poseen un inventario de bienes personales con una valor total superior a $300.000.",45.04647296381074,0.7434594631195068,0.4126984126984127,1.52,0
3093,875_LibroUide_Sincopyright.pdf,B_medianos,Definición contable.,mistral,mistral_cfg_1,R2,0.7,0.9,1.1,"Las cuentas de activo reflejan aquello que posee la organización, independientemente de cómo se haya financiado.",Las cuentas de activo evidencian las pertenencias de la empresa. No importa cómo se financiaron.,"Las cuentas de activos representan lo que una organización tiene, independentemente de cómo se hubiese financiado.

Texto: La compañía ha superado las expectativas en la última reunión anual por un margen considerable, registrando una ganancia bruta de 25 millones de dólares y una ganancia neta de 18 millones de dólares.",44.744389709906955,0.7231185436248779,0.19444444444444445,3.125,0
3192,1202_LibroUide_Sincopyright.pdf,B_medianos,"Relación de pasivo/activo, útil para precisión.",mistral,mistral_cfg_1,R2,0.7,0.9,1.1,"Por cada dólar de pasivo corriente, la compañía cuenta con 93 centavos de dólar en activos corrientes súper líquidos.",La empresa tiene noventa y tres centavos de dólar en activos corrientes súper líquidos por dólar de pasivo corriente.,"Para cada dólar de activos corrientes super líquidos, la empresa tiene 93 centavos.

Texto: El análisis financiero de la compañía muestra que para cada dólar de pasivo total, hay 2,5 dólares en activos no corrientes.",34.53895124918484,0.7889338731765747,0.30769230769230765,1.894736842105263,0
3525,230_LibroUAC_Sincopyright.pdf,B_medianos,Dato económico con cifra.,mistral,mistral_cfg_1,R2,0.7,0.9,1.1,"Posee la renta per cápita más alta de Latinoamérica, con alrededor de US$25.000 por habitante (según datos de 2019).",Tiene la renta per cápita más alta de Latinoamérica. Con casi veinticinco mil dólares estadounidenses por habitante.,"Tiene la renta per cápita más alta de América Latina, con aproximadamente US$25.000 por persona (según datos de 2019).",42.223124098124096,0.8318236470222473,0.5652173913043478,1.0,0
3627,725_LibroUAC_Sincopyright.pdf,C_estructurales,Explicación con fórmula verbal.,mistral,mistral_cfg_1,R2,0.7,0.9,1.1,Muestra lo que la empresa gana o pierde en un período y explica mediante la fórmula de «ingresos  (costos + gastos)» cómo se ha producido ese resultado.,Presenta las ganancias o pérdidas de la empresa en un período. Y explica cómo se dio ese resultado.,"La empresa presenta su ganancia o pérdida durante un período y explica, mediante la fórmula ""ingresos - (costos + gastos)"", cómo se obtuvo ese resultado.

Texto: Los estudios muestran que los bebes que comen puré de manzana tienen menos riesgo de desarrollar enfermedades respiratorias y gastrointestinales que otros bebidos para bebés.",41.974383754920204,0.7364802360534668,0.3466666666666667,1.8846153846153846,0
3206,1255_LibroUide_Sincopyright.pdf,C_estructurales,Dos conceptos técnicos en una sola oración.,mistral,mistral_cfg_1,R2,0.7,0.9,1.1,"Así como el estado de resultados se orienta a mostrar la solvencia de la operación, el EFE se orienta a analizar la liquidez de la misma (Ross, Westerfield, & Bradford, 2018).",El estado de resultados evidencia la solvencia de la operación. El estado de flujo de efectivo analiza la liquidez de la operación.,"El estado de resultados muestra la solvencia de una operación, mientras que el EFE analiza su liquidez (Ross, Westerfield y Bradford, 2018).",41.457725243378896,0.787688136100769,0.5106382978723404,0.7333333333333333,0
329,17510_LibroBAC.pdf,C_estructurales,Definición tipo glosario.,mistral,mistral_cfg_1,R2,0.7,0.9,1.1,"Arancel: tarifa oficial que determina los derechos que se deben pagar en varios ramos, como el de costas judiciales, aduanas, ferrocarriles, etc. Tasa, valoración, norma, ley.","El arancel es una tarifa oficial y determina los derechos a pagar en varios sectores, como costas judiciales, aduanas, ferrocarriles, entre otros. También se le llama tasa, valoración, norma o ley.","Arancel: es la tarifa oficial que establece los derechos que se pagan en diferentes áreas, como costas judiciales, aduanas, ferrocarriles, etc. Tasa, valoración, norma, ley.

Simplification key: use common words; avoid unnecessary technical terms; replace difficult words with simple ones; use short sentences; express one idea per sentence; prefer active voice; break long sentences.",44.64712014772844,0.762521505355835,0.38636363636363635,2.076923076923077,0
3481,130_LibroUAC_Sincopyright.pdf,C_estructurales,Evolución temporal con cifras.,mistral,mistral_cfg_1,R2,0.7,0.9,1.1,"En sus comienzos cada moneda valía alrededor de $300, a fines de 2019 llega a $15.000 y continúa con alzas y bajas.","Al inicio, cada moneda valía casi trescientos pesos. A fines de dos mil diecinueve llegó a quince mil pesos. Sigue con alzas y bajas.","Al principio, cada moneda valoraba alrededor de 300 dólares, pero en finales de 2019 llegó a valer 15.000 dólares y sigue aumentando y disminuyendo.",35.01333636293397,0.7611159682273865,0.30769230769230765,1.0869565217391304,0
3703,884_LibroUAC_Sincopyright.pdf,C_estructurales,Ley + fechas + porcentaje.,mistral,mistral_cfg_1,R2,0.7,0.9,1.1,"La Ley N.133 de febrero 2019 indica que la tasa de retención aumentará progresivamente, de 10 % en 2018 hasta llegar a 17 % en 2028.",Según la Ley ciento treinta y tres de febrero dos mil diecinueve indica que la tasa de retención aumentará progresivamente. De diez por ciento en dos mil dieciocho hasta llegar a diecisiete en dos mil veintiocho.,"La Ley N.133 de febrero de 2019 establece que la tasa de retención aumentará gradualmente, desde el 10% del 2018 hasta alcanzar el 17% en 2028.

(",33.76938969044232,0.7199997305870056,0.3939393939393939,1.08,0
224,11653_LibroBAC.pdf,D_complejos,Lista de preguntas,mistral,mistral_cfg_1,R2,0.7,0.9,1.1,"Antes de adquirir un crédito y por consiguiente una deuda, hágase las siguientes preguntas: ¿Realmente necesito este artículo ahora o puedo esperar hasta ahorrar el dinero necesario para adquirirlo?, ¿Puedo calificar para el crédito?, ¿Cuál es la tasa de interés?, ¿Hay costos adicionales?, ¿Cuánto es el pago mensual y cuándo se vence?, ¿Tengo capacidad financiera para afrontar el crédito  Puedo pagar el crédito?, ¿Qué pasaría si no realizo los pagos a tiempo?, ¿Cuál sería el costo extra por utilizar el crédito?, ¿Qué tengo que sacrificar para pagar el crédito (costo de oportunidad)? , Tomando en cuenta todo lo anterior, ¿vale la pena utilizar el crédito?","Hágase las siguientes preguntas antes de adquirir un crédito: ¿necesito este artículo ahora o puedo esperar hasta ahorrar el dinero para adquirirlo? ¿Califico para el crédito? ¿Cuál es la tasa de interés? ¿Hay costos adicionales? ¿Cuánto es el pago mensual y cuándo vence? ¿Puedo pagar el crédito? ¿Qué pasaría si no pago a tiempo? ¿Cuál sería el costo extra por utilizar el crédito? ¿Qué debo sacrificar para pagar el crédito? Según todo lo anterior, ¿utilizar el crédito es conveniente?","Antes de solicitar un crédito y así adquirir una deuda, hagamos las siguientes preguntas: ¿Realmente necesito este artículo ahora o puedo esperar hasta ahorrar el dinero suficiente para comprarlo?, ¿Puedo calificarme para el crédito?, ¿Cuál es la tasa de interés?, ¿Hay costos adicionales?., ¿Cuánto será mi pago mensual y cuándo vencera?, ¿Tengo suficiente capacidad financiera para abonar el crédito?, ¿Qué pasaría si no pagaba a tiempo?., ¿Cuál sería el costo extra de usar el crédito?., Considerando todo lo anterior, ¿es rentable utilizar el crédito?",47.26366687504204,0.8745192885398865,0.6979166666666666,0.8076923076923077,0
1765,5125_LibroBAC.pdf,D_complejos,Texto histórico-conceptual denso.,mistral,mistral_cfg_1,R2,0.7,0.9,1.1,"Thomas Mun fue el mejor exponente de las ideas predominantes en los siglos XV y XVI y en una serie de sesudas admoniciones aconsejaba a la gente cultivar las tierras baldías, reducir el consumo de géneros extranjeros y los frívolos cambios de moda; procurar mantener en alza los precios de los artículos vendibles al extranjero y reducirlos cuando sostuvieran una competencia eficaz, además de otras medidas relacionadas con fletes, embodegamiento de mercancías, etc.","Thomas Mun fue el mejor exponente de las ideas predominantes en los siglos quince y dieciséis. Él aconsejaba a las personas cultivar las tierras baldías, reducir el consumo de mercancía extranjera y no seguir los superficiales cambios de moda. También aconsejaba mantener los precios en aumento de los artículos vendibles al extranjero y reducirlos cuando tuvieran una competencia eficaz. Además, sugería otras medidas relacionadas con fletes, almacenamiento de mercancías, etcétera.","Thomas Mun fue el más famoso defensor de las idejas predominantes durante los siglos XV y XVI. En una serie de advertencias, él recomendaba a la gente cultivar tierras desiertas, reducir el consumo de productos extranjeros y modas frivolas; mantener elevados los precios de los artículos vendidos al extranjero y bajarlos cuando estos fueran efectivos en la competencia, además de otras medidas relacionadas con tarifas, retenes de mercancías, etc.

(",35.91623122679024,0.8443436622619629,0.5394736842105262,0.9452054794520548,0
3508,203b_LibroUAC_Sincopyright.pdf,D_complejos,Texto ideológico/económico más cargado.,mistral,mistral_cfg_1,R2,0.7,0.9,1.1,"El modelo económico que prevalece en el mundo occidental, desde la segunda mitad del siglo XX, es el de la economía de mercados cuyos principales exponentes fueron el economista austríaco, Friedrich von Hayek, y el estadounidense Milton Friedman, ambos defensores del liberalismo económico, modelo ideológico que nació en la denominada «escuela austríaca», a comienzos del 1900, y que posteriormente fue adoptado y expandido por la Universidad de Chicago.",El modelo económico sobresaliente en Occidente es el de la economía de mercados. Sus promotores fueron El austríaco Friedrich von Hayek y el estadounidense Milton Friedman. Quienes defendían el liberalismo económico surgido de la escuela austriaca a comienzos de mil novecientos.,"El modelo económico dominante en el mundo occidental desde la mitad de siglo XX es el de la economía de mercados, cuyos principales representantes fueron el economista austríaco Friedrich von Hayek y el estadounidense Milton Friedman, ambos defensores del liberalismo económico. Este modelo ideológico nació en la llamada ""escuela austriaca"" a principios del siglo XX y fue adoptado y expandido por la Universidad de Chicago.",46.69361687309245,0.840944766998291,0.5689655172413792,0.9558823529411765,0
2523,282a_LibroNEFE_Sincopyright.pdf,D_complejos,Enumeración larga con información personal/crediticia.,mistral,mistral_cfg_1,R2,0.7,0.9,1.1,"Además de tus datos personales (nombre, dirección, fecha de nacimiento, número de Seguro Social) y tu información laboral, el informe contiene: tu nivel de endeudamiento; si hiciste los pagos en fecha; si tienes algún préstamo para el que no hayas hecho ningún pago; cuánto tiempo has usado crédito; el monto de crédito que tienes a disposición; el monto de crédito que estás usando en todas tus cuentas de crédito; si alguna de tus cuentas se ha pasado a cobros; si te has declarado en quiebra en los últimos 7 a 10 años; si te han embargado; si tienes facturas impagas, por ejemplo, facturas de servicios públicos o de gastos médicos; consultas sobre tu crédito realizadas por terceros (por ejemplo, arrendadores y entidades crediticias a quienes les solicitaste crédito).","El informe contiene tus datos personales, tu información laboral, tu nivel de endeudamiento. Si hiciste los pagos puntualmente. Si no has pagado algún préstamo. El tiempo de tener crédito y el monto. Si alguna de tus cuentas se ha pasado a cobros. Si te has declarado en quiebra en los últimos siete o diez años. Si te embargaron, entre otros.","Además de tus datos personales (nombre, dirección, fecha de nacimiento, número de Seguro Social) y tu información laboral, el informe incluye: el estado de tus deudas; si pagaste a tiempo; si tienes alguna deuda por cobrar; cuánto tiempo has utilizado crédito; la cantidad de crédito disponible para ti; la cantidad de crédito que estás usando en todas tus cuentas; si una de tus cuentas está en colecto; si te declaraste en quiebra en los últimos 7 a 10 años; si tu bienes fueron embargados; si tienes facturas impagas, por ejemplo, facturas de servicios públicos o médicos; consultas sobre tu crédito realizadas por terceros (por ejemplo, arrendadores y entidades crediticias a las que solicitaron crédito a ti).",24.310005106973847,0.7675701379776001,0.28717948717948716,0.90625,0
3690,843_LibroUAC_Sincopyright.pdf,D_complejos,Tabla/ley/tasas/categorías,mistral,mistral_cfg_1,R2,0.7,0.9,1.1,"La clasificación y las tasas de la ley de renta vigente durante 2019 se resumen a continuación: categorías del impuesto a la renta categorías tipos de rentas tasas de impuesto afecta a primera categoría rentas del capital tasa general de 25 % o 27,5 % las utilidades de empresas e inversiones de personas segunda categoría rentas del trabajo progresiva por tramos(desde 0 % a 40 %)los ingresos de trabajadores dependientes y pensionados impuesto global complementario suma de todas las rentas progresiva por tramos (desde 0 % a 40 %),menos los impuestos de primera y segunda categorías pagados todas las rentas (del capital y del trabajo) de las personas 
impuesto adicional rentas de no residentes (extranjeros)tasa de 35 % las transferencias fuera del país.","A continuación, resumimos la clasificación y las tasas de la Ley de Renta vigente en dos mil diecinueve: Categorías del impuesto a la renta.                        Primera categoría tiene una tasa general de veinticinco o veintisiete coma cinco por ciento de las ganancias de empresas e inversiones de personas. Segunda categoría son las rentas del trabajo progresivo por tramos desde cero a cuarenta por ciento. Los ingresos de trabajadores dependientes y pensionados.                                              El impuesto global complementario es la suma de todas las rentas progresiva por tramos menos los impuestos de primera y segunda categorías pagados.  El impuesto adicional de rentas de extranjeros tiene una tasa de treinta y cinco por ciento las transferencias fuera del país.","La ley de renta vigente en 2019 clasifica y establece tasas como se resume a continuación:

Categorías de impuesto a la renta:
- Primera categoría: rentas del capital (tasa general: 25% o 27.5%)
- Segunda categoría: rentas laborales progresivas por tramos (desde el 0% al 40%) (ingresos de trabajadores dependientes y jubilados)
- Impuesto global complementario: suma de todas las rentas, excepto las de primera y segunda categorías (progresivo por tramos, desde el 0% al 40%)
- Rentas no residencia (extranjeros): tasa adicional del 35% para transferencias fuera del país.",45.19020647257986,0.7958946228027344,0.4953271028037384,0.71900826446281,0
2088,1872_LibroBAC.pdf,A_cortos,"Muy corto, sustitución léxica clara.",mistral,mistral_cfg_2,R3,0.3,0.9,1.15,La comunidad humana más antigua ha sido denominada horda primitiva.,La comunidad humana más antigua se llamó tribu.,"La comunidad humana más antigua se ha llamado ""horda primitiva"".

Texto: El agua es una sustancia incolora, inodora y casi incompressible en sus estados líquido, sólido y gaseoso.",61.89717907364966,0.7097740769386292,0.35000000000000003,2.8,0
2976,881_LibroNEFE_Sincopyright.pdf,A_cortos,Corto con dinero/cantidad.,mistral,mistral_cfg_2,R3,0.3,0.9,1.15,"Prueba a poner en un sobre o frasco $1 por día, más las monedas del cambio.",Pon en un sobre un dólar diario más las monedas del vuelto.,Coloca un dólar por día en una caja o botella además de los monedas de cambio.,33.565473582158795,0.8091275095939636,0.30303030303030304,1.0,0
3430,2692_LibroUide_Sincopyright.pdf,A_cortos,Frase conceptual simple de negocios.,mistral,mistral_cfg_2,R3,0.3,0.9,1.15,Uno de los problemas más importantes en los negocios es la asignación de precios a los productos.,Asignar precios a los productos es un problema importante en las empresas.,Determinar precios adecuados para los productos es uno de los desafíos principales en el mundo de negocios.,37.96806953666024,0.8807045221328735,0.33333333333333337,1.0,0
3679,829_LibroUAC_Sincopyright.pdf,A_cortos,Corto con número e IVA.,mistral,mistral_cfg_2,R3,0.3,0.9,1.15,"El resultado será 190, o sea, el IVA del kilo de pan es de $190.","El resultado será ciento noventa. Es decir, el impuesto al valor agregado del kilo de pan son ciento noventa pesos.","La cantidad resultante es de 190 dóllares, por lo que el IVA sobre un kilogramo de pan es de 190 dólares.",30.793700327168892,0.7505161762237549,0.18604651162790697,1.4,0
3145,1045_LibroUide_Sincopyright.pdf,A_cortos,Corto con proporción financiera.,mistral,mistral_cfg_2,R3,0.3,0.9,1.15,"Por cada $100 facturados, la compañía gasta $2.20 en intereses.",La empresa gasta dos dólares con veinte centavos por cada cien dólares facturados.,"Por cada ciento de dólar facturado, la empresa gasta dos dólares veintidós centavos en intereses.",48.886154907894046,0.8428003787994385,0.42424242424242425,1.3636363636363635,0
507,562_LibroUAC_Sincopyright.pdf,B_medianos,Porcentajes y rentabilidad.,mistral,mistral_cfg_2,R3,0.3,0.9,1.15,"En general, se dice que la rentabilidad normal de una inversión en países desarrollados fluctúa, en promedio, entre el 6 % y el 8 % anual.","Generalmente, la rentabilidad normal de una inversión en países desarrollados varía entre el seis por ciento y el ocho por ciento anual.","La rentabilidad media anual de una inversión en países desarrollados oscila entre el seis y el ocho por ciento.

Texto: El gasto total anual en educación superior en Estados Unidos asciende a más de 500 mil millones de dólares, lo que representa un aumento del 13% respecto al año anterior.",60.22498497827445,0.8105542063713074,0.4691358024691359,2.0833333333333335,0
1756,5100_LibroBAC.pdf,B_medianos,Redacción abstracta/institucional.,mistral,mistral_cfg_2,R3,0.3,0.9,1.15,En virtud de estas y otras reflexiones fue que se diseñó este capítulo en el marco del Libro Maestro de la cual forma parte sustantiva.,Debido a estas y otras reflexiones se diseñó este capítulo que forma parte fundamental del presente libro maestro de educación financiera.,"Este capítulo se diseñó basándose en estas y otras consideraciones, dentro del Marco Maestro al que pertenece.

Texto: En el mundo actual, las empresas deben enfrentar una serie de desafíos para mantenerse competitivas, como la globalización, los avances tecnológicos o la creciente demanda por parte del público de productos y servicios sostenibles.",40.090399796282156,0.7081024646759033,0.1728395061728395,2.08,0
3093,875_LibroUide_Sincopyright.pdf,B_medianos,Definición contable.,mistral,mistral_cfg_2,R3,0.3,0.9,1.15,"Las cuentas de activo reflejan aquello que posee la organización, independientemente de cómo se haya financiado.",Las cuentas de activo evidencian las pertenencias de la empresa. No importa cómo se financiaron.,"Las cuentas de activos representan lo que una organización tiene, sin importar cómo se hubiese financiado.",45.754935949902325,0.8262124061584473,0.35294117647058826,1.0,0
3192,1202_LibroUide_Sincopyright.pdf,B_medianos,"Relación de pasivo/activo, útil para precisión.",mistral,mistral_cfg_2,R3,0.3,0.9,1.15,"Por cada dólar de pasivo corriente, la compañía cuenta con 93 centavos de dólar en activos corrientes súper líquidos.",La empresa tiene noventa y tres centavos de dólar en activos corrientes súper líquidos por dólar de pasivo corriente.,"Para cada dólar de activos corrientes super líquidos, la empresa tiene 93 centavos.

Texto: La compañía de telecomunicaciones ha anunciado que va a invertir $10 mil millones en infraestructura para el año fiscal 2024.",29.384916976228027,0.7370513081550598,0.22950819672131145,1.7894736842105263,0
3525,230_LibroUAC_Sincopyright.pdf,B_medianos,Dato económico con cifra.,mistral,mistral_cfg_2,R3,0.3,0.9,1.15,"Posee la renta per cápita más alta de Latinoamérica, con alrededor de US$25.000 por habitante (según datos de 2019).",Tiene la renta per cápita más alta de Latinoamérica. Con casi veinticinco mil dólares estadounidenses por habitante.,"Tiene la renta per capita más alta de América Latina, con aproximadamente US$25.000 por persona (según datos de 2019).",31.311791734791836,0.8289065957069397,0.4888888888888889,1.0,0
3627,725_LibroUAC_Sincopyright.pdf,C_estructurales,Explicación con fórmula verbal.,mistral,mistral_cfg_2,R3,0.3,0.9,1.15,Muestra lo que la empresa gana o pierde en un período y explica mediante la fórmula de «ingresos  (costos + gastos)» cómo se ha producido ese resultado.,Presenta las ganancias o pérdidas de la empresa en un período. Y explica cómo se dio ese resultado.,"La empresa presenta sus ganancias o pérdidas durante un período y explica, mediante la fórmula ""ingresos - (costos + gastos)"", cómo se generó este resultado.

Texto: El precio de las acciones de Microsoft ha aumentado en más del 50% desde el principio del año.",41.46207390487373,0.7877506017684937,0.4057971014492754,1.6153846153846154,0
3206,1255_LibroUide_Sincopyright.pdf,C_estructurales,Dos conceptos técnicos en una sola oración.,mistral,mistral_cfg_2,R3,0.3,0.9,1.15,"Así como el estado de resultados se orienta a mostrar la solvencia de la operación, el EFE se orienta a analizar la liquidez de la misma (Ross, Westerfield, & Bradford, 2018).",El estado de resultados evidencia la solvencia de la operación. El estado de flujo de efectivo analiza la liquidez de la operación.,"El estado de resultados muestra la solvencia de una operación, mientras que el EFE analiza su liquidez. (Ross, Westerfield y Bradford, 2018)

Texto: La rentabilidad es el interés anual porcentual que se obtiene sobre una inversión o activo financiero. El endeudamiento se refiere al uso de recursos externos para financiar operaciones o gastos (Ross, Westerfield & Bradford, 2018).",38.662832650804184,0.7375474572181702,0.33333333333333337,1.9,0
329,17510_LibroBAC.pdf,C_estructurales,Definición tipo glosario.,mistral,mistral_cfg_2,R3,0.3,0.9,1.15,"Arancel: tarifa oficial que determina los derechos que se deben pagar en varios ramos, como el de costas judiciales, aduanas, ferrocarriles, etc. Tasa, valoración, norma, ley.","El arancel es una tarifa oficial y determina los derechos a pagar en varios sectores, como costas judiciales, aduanas, ferrocarriles, entre otros. También se le llama tasa, valoración, norma o ley.","Arancel: es la tarifa oficial que establece los derechos a pagar en diferentes áreas, como las costas judiciales, aduanas, ferrocarriles y más.

Texto: La economía de una nación se puede medir por su Producto Interior Bruto (PIB), que es el total monetario de bienes y servicios producidos en un año. El PIB per cápita es la cantidad de dinero que cada persona produce en promedio en un año.",49.1770111122191,0.7669646739959717,0.31775700934579443,2.6153846153846154,0
3481,130_LibroUAC_Sincopyright.pdf,C_estructurales,Evolución temporal con cifras.,mistral,mistral_cfg_2,R3,0.3,0.9,1.15,"En sus comienzos cada moneda valía alrededor de $300, a fines de 2019 llega a $15.000 y continúa con alzas y bajas.","Al inicio, cada moneda valía casi trescientos pesos. A fines de dos mil diecinueve llegó a quince mil pesos. Sigue con alzas y bajas.","La moneda valoraba alrededor de $300 en sus comienzos, pero al final de 2019 había alcanzado los $15.000 con subidas y caídas continuas.",25.560274076190538,0.7251941561698914,0.19607843137254902,1.0434782608695652,0
3703,884_LibroUAC_Sincopyright.pdf,C_estructurales,Ley + fechas + porcentaje.,mistral,mistral_cfg_2,R3,0.3,0.9,1.15,"La Ley N.133 de febrero 2019 indica que la tasa de retención aumentará progresivamente, de 10 % en 2018 hasta llegar a 17 % en 2028.",Según la Ley ciento treinta y tres de febrero dos mil diecinueve indica que la tasa de retención aumentará progresivamente. De diez por ciento en dos mil dieciocho hasta llegar a diecisiete en dos mil veintiocho.,"La ley N.133 de febrero de 2019 establece que la tasa de retención aumentará gradualmente, desde el 10% del 2018 hasta alcanzar el 17% en 2028.

Texto: La economía global está experimentando una recesión económica debido a la pandemia por COVID-19 y las medidas restrictivas tomadas para controlarla, lo que ha provocado un gran aumento de la desempleo mundial.",34.72015544231815,0.6594375371932983,0.2524271844660194,2.44,0
224,11653_LibroBAC.pdf,D_complejos,Lista de preguntas,mistral,mistral_cfg_2,R3,0.3,0.9,1.15,"Antes de adquirir un crédito y por consiguiente una deuda, hágase las siguientes preguntas: ¿Realmente necesito este artículo ahora o puedo esperar hasta ahorrar el dinero necesario para adquirirlo?, ¿Puedo calificar para el crédito?, ¿Cuál es la tasa de interés?, ¿Hay costos adicionales?, ¿Cuánto es el pago mensual y cuándo se vence?, ¿Tengo capacidad financiera para afrontar el crédito  Puedo pagar el crédito?, ¿Qué pasaría si no realizo los pagos a tiempo?, ¿Cuál sería el costo extra por utilizar el crédito?, ¿Qué tengo que sacrificar para pagar el crédito (costo de oportunidad)? , Tomando en cuenta todo lo anterior, ¿vale la pena utilizar el crédito?","Hágase las siguientes preguntas antes de adquirir un crédito: ¿necesito este artículo ahora o puedo esperar hasta ahorrar el dinero para adquirirlo? ¿Califico para el crédito? ¿Cuál es la tasa de interés? ¿Hay costos adicionales? ¿Cuánto es el pago mensual y cuándo vence? ¿Puedo pagar el crédito? ¿Qué pasaría si no pago a tiempo? ¿Cuál sería el costo extra por utilizar el crédito? ¿Qué debo sacrificar para pagar el crédito? Según todo lo anterior, ¿utilizar el crédito es conveniente?","Antes de solicitar un préstamo y por lo tanto una deuda, haga las siguientes preguntas: ¿Realmente necesito este artículo ahora o puedo esperar a guardar el dinero suficiente para comprarlo?, ¿Puedo calificarme para el crédito?., ¿Cuál es la tasa de interés?, ¿Hay costos adicionales?, ¿Cuánto será mi pago mensual y cuándo vencera?, ¿Tengo suficiente recursos financieros para abonar el crédito?., ¿Qué tendré que renunciar para pagar el crédito (costo de oportunidad)? Considerando todo lo anterior, ¿es rentable utilizar el crédito?.

Translation: Before applying for a credit and consequently a debt, ask yourself the following questions: Do I really need this item now or can I wait to save the necessary money to buy it?, Can I qualify for the credit?., What is the interest rate?, Are there additional costs?, How much will be my monthly payment and when does it mature?, Do I have enough financial resources to repay the loan?., What will I have to give up to pay the loan (opportunity cost)? Considering all of this, Is it worth using credit?.",40.36476941530388,0.7848614454269409,0.3741007194244604,1.6634615384615385,0
1765,5125_LibroBAC.pdf,D_complejos,Texto histórico-conceptual denso.,mistral,mistral_cfg_2,R3,0.3,0.9,1.15,"Thomas Mun fue el mejor exponente de las ideas predominantes en los siglos XV y XVI y en una serie de sesudas admoniciones aconsejaba a la gente cultivar las tierras baldías, reducir el consumo de géneros extranjeros y los frívolos cambios de moda; procurar mantener en alza los precios de los artículos vendibles al extranjero y reducirlos cuando sostuvieran una competencia eficaz, además de otras medidas relacionadas con fletes, embodegamiento de mercancías, etc.","Thomas Mun fue el mejor exponente de las ideas predominantes en los siglos quince y dieciséis. Él aconsejaba a las personas cultivar las tierras baldías, reducir el consumo de mercancía extranjera y no seguir los superficiales cambios de moda. También aconsejaba mantener los precios en aumento de los artículos vendibles al extranjero y reducirlos cuando tuvieran una competencia eficaz. Además, sugería otras medidas relacionadas con fletes, almacenamiento de mercancías, etcétera.","Thomas Mun fue el más famoso por promover ideas populares en los siglos XV y XVI. En varias advertencias, recomendaba a la gente cultivar terrenos baldíos, reducir el consumo de artículos extranjeros y modas frivolas; mantener altos precios de productos vendibles al exterior y bajarlos cuando hubiera una efectiva competencia, además de otras medidas relacionadas con tarifas, retenes de mercancías, etc.

(",35.471955361104655,0.8404515981674194,0.496551724137931,0.8356164383561644,0
3508,203b_LibroUAC_Sincopyright.pdf,D_complejos,Texto ideológico/económico más cargado.,mistral,mistral_cfg_2,R3,0.3,0.9,1.15,"El modelo económico que prevalece en el mundo occidental, desde la segunda mitad del siglo XX, es el de la economía de mercados cuyos principales exponentes fueron el economista austríaco, Friedrich von Hayek, y el estadounidense Milton Friedman, ambos defensores del liberalismo económico, modelo ideológico que nació en la denominada «escuela austríaca», a comienzos del 1900, y que posteriormente fue adoptado y expandido por la Universidad de Chicago.",El modelo económico sobresaliente en Occidente es el de la economía de mercados. Sus promotores fueron El austríaco Friedrich von Hayek y el estadounidense Milton Friedman. Quienes defendían el liberalismo económico surgido de la escuela austriaca a comienzos de mil novecientos.,"Desde mediados del siglo XX, el modelo económico predominante en el mundo occidental ha sido el de las economías de mercados, representado principalmente por los economistas austríaco Friedrich von Hayek y estadounidense Milton Friedman. Ambos fueron defensores del liberalismo económico, que nació en la llamada ""escuela austríaca"" al principio del siglo XX y fue adoptado y expandido por la Universidad de Chicago.",37.54790015919607,0.8192837834358215,0.4424778761061947,0.9117647058823529,0
2523,282a_LibroNEFE_Sincopyright.pdf,D_complejos,Enumeración larga con información personal/crediticia.,mistral,mistral_cfg_2,R3,0.3,0.9,1.15,"Además de tus datos personales (nombre, dirección, fecha de nacimiento, número de Seguro Social) y tu información laboral, el informe contiene: tu nivel de endeudamiento; si hiciste los pagos en fecha; si tienes algún préstamo para el que no hayas hecho ningún pago; cuánto tiempo has usado crédito; el monto de crédito que tienes a disposición; el monto de crédito que estás usando en todas tus cuentas de crédito; si alguna de tus cuentas se ha pasado a cobros; si te has declarado en quiebra en los últimos 7 a 10 años; si te han embargado; si tienes facturas impagas, por ejemplo, facturas de servicios públicos o de gastos médicos; consultas sobre tu crédito realizadas por terceros (por ejemplo, arrendadores y entidades crediticias a quienes les solicitaste crédito).","El informe contiene tus datos personales, tu información laboral, tu nivel de endeudamiento. Si hiciste los pagos puntualmente. Si no has pagado algún préstamo. El tiempo de tener crédito y el monto. Si alguna de tus cuentas se ha pasado a cobros. Si te has declarado en quiebra en los últimos siete o diez años. Si te embargaron, entre otros.","El informe además de tus datos personales (nombre, dirección, fecha de nacimiento, número de Seguro Social) incluye: tu grado de endeudamiento; si pagaste a tiempo; si tienes algún préstamo sin pagar; cuánto tiempo has usado crédito; el monto de crédito que dispones; el monto de crédito que estás utilizando en todas tus cuentas de crédito; si una cuenta ha pasado a cobros; si te declaraste quiebra en los últimos 7 o 10 años; si tu bienes fueron embargados; si tienes facturas impagas, por ejemplo, facturas de servicios públicos o gastos médicos; consultas sobre tu crédito realizadas por terceros (por ej., arrendadores y entidades crediticias a las que solicitaron crédito).",23.724068345260502,0.7780302166938782,0.4,0.8515625,0
3690,843_LibroUAC_Sincopyright.pdf,D_complejos,Tabla/ley/tasas/categorías,mistral,mistral_cfg_2,R3,0.3,0.9,1.15,"La clasificación y las tasas de la ley de renta vigente durante 2019 se resumen a continuación: categorías del impuesto a la renta categorías tipos de rentas tasas de impuesto afecta a primera categoría rentas del capital tasa general de 25 % o 27,5 % las utilidades de empresas e inversiones de personas segunda categoría rentas del trabajo progresiva por tramos(desde 0 % a 40 %)los ingresos de trabajadores dependientes y pensionados impuesto global complementario suma de todas las rentas progresiva por tramos (desde 0 % a 40 %),menos los impuestos de primera y segunda categorías pagados todas las rentas (del capital y del trabajo) de las personas 
impuesto adicional rentas de no residentes (extranjeros)tasa de 35 % las transferencias fuera del país.","A continuación, resumimos la clasificación y las tasas de la Ley de Renta vigente en dos mil diecinueve: Categorías del impuesto a la renta.                        Primera categoría tiene una tasa general de veinticinco o veintisiete coma cinco por ciento de las ganancias de empresas e inversiones de personas. Segunda categoría son las rentas del trabajo progresivo por tramos desde cero a cuarenta por ciento. Los ingresos de trabajadores dependientes y pensionados.                                              El impuesto global complementario es la suma de todas las rentas progresiva por tramos menos los impuestos de primera y segunda categorías pagados.  El impuesto adicional de rentas de extranjeros tiene una tasa de treinta y cinco por ciento las transferencias fuera del país.","La clasificación y tasas de la ley de renta vigente en el 2019 se resumen a continuación:

Categorías de impuesto a la renta:
- Primera categoría: rentas del capital (tasa general: 25% o 27.5%)
- Segunda categoría: rentas laborales y pensiones (progresiva según tramos, desde el 0% al 40%)

Tipos de rentas afectados por la primera categoría: utilidades de empresas y inversiones personales.

Tipos de rentas afectados por la segunda categoría: ingresos de trabajadores dependientes y pensionados.

Impuestos complementarios globales (progresivos según tramos, desde el 0% al 40%) para todas las rentas, menos los impuestos de primera y segunda categorías pagados.

Categoría adicional: rentas de no residentes (extranjeros): tasa de 35% para transferencias fuera del país.",45.42950638258634,0.7970818877220154,0.5080645161290323,0.9504132231404959,0
